{"cameraMode":{"drawMode":0,"name":"Shaded","section":"Shading Mode"},"sceneLighting":false,"audioPlay":false,"sceneViewState":{"showFog":true,"showMaterialUpdate":true,"showSkybox":true,"showFlares":true,"showImageEffects":true,"showParticleSystems":true},"in2DMode":false,"pivot":{"x":-25.263771057128908,"y":34.486541748046878,"z":63.130455017089847},"rotation":{"x":-0.02253827452659607,"y":-0.3873032033443451,"z":0.009120182134211064,"w":-0.9217499494552612},"size":1.994058609008789,"orthographic":false}