{"cameraMode":{"drawMode":0,"name":"Shaded","section":"Shading Mode"},"sceneLighting":false,"audioPlay":false,"sceneViewState":{"showFog":true,"showMaterialUpdate":true,"showSkybox":true,"showFlares":true,"showImageEffects":true,"showParticleSystems":true},"in2DMode":false,"pivot":{"x":-13.46408462524414,"y":16.184717178344728,"z":74.95439147949219},"rotation":{"x":0.002028809394687414,"y":-0.9638454914093018,"z":0.2670730948448181,"w":0.006887179799377918},"size":45.66997528076172,"orthographic":false}