{"cameraMode":{"drawMode":0,"name":"Shaded","section":"Shading Mode"},"sceneLighting":false,"audioPlay":false,"sceneViewState":{"showFog":true,"showMaterialUpdate":true,"showSkybox":true,"showFlares":true,"showImageEffects":true,"showParticleSystems":true},"in2DMode":false,"pivot":{"x":-11.743447303771973,"y":0.9551544189453125,"z":46.506065368652347},"rotation":{"x":0.022278809919953347,"y":0.9423453211784363,"z":-0.3278487026691437,"w":0.06398230046033859},"size":17.441801071166993,"orthographic":false}