{"cameraMode":{"drawMode":0,"name":"Shaded","section":"Shading Mode"},"sceneLighting":true,"audioPlay":false,"sceneViewState":{"showFog":true,"showMaterialUpdate":true,"showSkybox":true,"showFlares":true,"showImageEffects":true,"showParticleSystems":true},"in2DMode":false,"pivot":{"x":-47.643165588378909,"y":-12.42396354675293,"z":52.55296325683594},"rotation":{"x":0.09674208611249924,"y":0.8843068480491638,"z":-0.21433429419994355,"w":0.4040621221065521},"size":71.02757263183594,"orthographic":false}